{"IEDatabus":[{"connectorId":"opcuac1","connectorName":"opcuac1","connections":{"Factory Linz":[{"sourceType":"databus","instanceId":"opcuac1","connection":"Factory Linz","tagName":"Root.Objects.PLC_PlantSim_Electronics_Demo.DataBlocksInstance.InstEnergyConsumption.Static.EnergyConsumptionFactoryHannoverLine2.4","datatype":"LReal","topic":"ie/d/j/simatic/v1/opcuac1/dp/r/Factory Linz/default"},{"sourceType":"databus","instanceId":"opcuac1","connection":"Factory Linz","tagName":"Root.Objects.PLC_PlantSim_Electronics_Demo.DataBlocksInstance.InstEnergyConsumption.Static.EnergyConsumptionFactoryHannoverLine2.3","datatype":"LReal","topic":"ie/d/j/simatic/v1/opcuac1/dp/r/Factory Linz/default"},{"sourceType":"databus","instanceId":"opcuac1","connection":"Factory Linz","tagName":"Root.Objects.PLC_PlantSim_Electronics_Demo.DataBlocksInstance.InstEnergyConsumption.Static.EnergyConsumptionFactoryHannoverLine2.2","datatype":"LReal","topic":"ie/d/j/simatic/v1/opcuac1/dp/r/Factory Linz/default"},{"sourceType":"databus","instanceId":"opcuac1","connection":"Factory Linz","tagName":"Root.Objects.PLC_PlantSim_Electronics_Demo.DataBlocksInstance.InstEnergyConsumption.Static.EnergyConsumptionFactoryHannoverLine2.1","datatype":"LReal","topic":"ie/d/j/simatic/v1/opcuac1/dp/r/Factory Linz/default"},{"sourceType":"databus","instanceId":"opcuac1","connection":"Factory Linz","tagName":"Root.Objects.PLC_PlantSim_Electronics_Demo.DataBlocksInstance.InstEnergyConsumption.Static.EnergyConsumptionFactoryHannoverLine2.0","datatype":"LReal","topic":"ie/d/j/simatic/v1/opcuac1/dp/r/Factory Linz/default"},{"sourceType":"databus","instanceId":"opcuac1","connection":"Factory Linz","tagName":"Root.Objects.PLC_PlantSim_Electronics_Demo.DataBlocksInstance.InstEnergyConsumption.Static.EnergyConsumptionFactoryHannoverLine1.4","datatype":"LReal","topic":"ie/d/j/simatic/v1/opcuac1/dp/r/Factory Linz/default"},{"sourceType":"databus","instanceId":"opcuac1","connection":"Factory Linz","tagName":"Root.Objects.PLC_PlantSim_Electronics_Demo.DataBlocksInstance.InstEnergyConsumption.Static.EnergyConsumptionFactoryHannoverLine1.3","datatype":"LReal","topic":"ie/d/j/simatic/v1/opcuac1/dp/r/Factory Linz/default"},{"sourceType":"databus","instanceId":"opcuac1","connection":"Factory Linz","tagName":"Root.Objects.PLC_PlantSim_Electronics_Demo.DataBlocksInstance.InstEnergyConsumption.Static.EnergyConsumptionFactoryHannoverLine1.2","datatype":"LReal","topic":"ie/d/j/simatic/v1/opcuac1/dp/r/Factory Linz/default"},{"sourceType":"databus","instanceId":"opcuac1","connection":"Factory Linz","tagName":"Root.Objects.PLC_PlantSim_Electronics_Demo.DataBlocksInstance.InstEnergyConsumption.Static.EnergyConsumptionFactoryHannoverLine1.1","datatype":"LReal","topic":"ie/d/j/simatic/v1/opcuac1/dp/r/Factory Linz/default"},{"sourceType":"databus","instanceId":"opcuac1","connection":"Factory Linz","tagName":"Root.Objects.PLC_PlantSim_Electronics_Demo.DataBlocksInstance.InstEnergyConsumption.Static.EnergyConsumptionFactoryHannoverLine1.0","datatype":"LReal","topic":"ie/d/j/simatic/v1/opcuac1/dp/r/Factory Linz/default"}]}},{"connectorId":"sqlc1","connectorName":"sqlc1","connections":{"CuttingMachine":[{"sourceType":"databus","instanceId":"sqlc1","connection":"CuttingMachine","tagName":"Sensor_Temperature","datatype":"Real","topic":"ie/d/j/simatic/v1/sqlc1/dp/r/CuttingMachine/MachineData"},{"sourceType":"databus","instanceId":"sqlc1","connection":"CuttingMachine","tagName":"Sensor_Velocity","datatype":"Real","topic":"ie/d/j/simatic/v1/sqlc1/dp/r/CuttingMachine/MachineData"},{"sourceType":"databus","instanceId":"sqlc1","connection":"CuttingMachine","tagName":"Sensor_Vibration","datatype":"Real","topic":"ie/d/j/simatic/v1/sqlc1/dp/r/CuttingMachine/MachineData"},{"sourceType":"databus","instanceId":"sqlc1","connection":"CuttingMachine","tagName":"Set_Machine_Velocity","datatype":"Real","topic":"ie/d/j/simatic/v1/sqlc1/dp/r/CuttingMachine/MachineData"},{"sourceType":"databus","instanceId":"sqlc1","connection":"CuttingMachine","tagName":"Overheated","datatype":"Bool","topic":"ie/d/j/simatic/v1/sqlc1/dp/r/CuttingMachine/MachineData"},{"sourceType":"databus","instanceId":"sqlc1","connection":"CuttingMachine","tagName":"Timestamp","datatype":"DateTime","topic":"ie/d/j/simatic/v1/sqlc1/dp/r/CuttingMachine/MachineData"}]}},{"connectorId":"css7pdriver1","connectorName":"SIMATIC S7+ Connector","connections":{"PLC_1":[{"sourceType":"databus","instanceId":"css7pdriver1","connection":"PLC_1","tagName":"Simulation_DB_1.Sensor_Temperature","datatype":"Real","topic":"ie/d/j/simatic/v1/css7pdriver1/dp/r/PLC_1/1000ms"},{"sourceType":"databus","instanceId":"css7pdriver1","connection":"PLC_1","tagName":"Simulation_DB_1.Sensor_Velocity","datatype":"Real","topic":"ie/d/j/simatic/v1/css7pdriver1/dp/r/PLC_1/1000ms"},{"sourceType":"databus","instanceId":"css7pdriver1","connection":"PLC_1","tagName":"Simulation_DB_1.Sensor_Vibration","datatype":"Real","topic":"ie/d/j/simatic/v1/css7pdriver1/dp/r/PLC_1/1000ms"},{"sourceType":"databus","instanceId":"css7pdriver1","connection":"PLC_1","tagName":"Simulation_DB_1.Set_Machine_Velocity","datatype":"Real","topic":"ie/d/j/simatic/v1/css7pdriver1/dp/r/PLC_1/1000ms"},{"sourceType":"databus","instanceId":"css7pdriver1","connection":"PLC_1","tagName":"Simulation_DB_1.Overheated","datatype":"Bool","topic":"ie/d/j/simatic/v1/css7pdriver1/dp/r/PLC_1/1000ms"},{"sourceType":"databus","instanceId":"css7pdriver1","connection":"PLC_1","tagName":"Simulation_DB_1.Timestamp","datatype":"DateTime","topic":"ie/d/j/simatic/v1/css7pdriver1/dp/r/PLC_1/1000ms"}]}}],"ConnectivitySuite":[{"connectorId":"css7pdriver1","connectorName":"SIMATIC S7+ Connector","connections":{"PLC_1":[{"sourceType":"cs-driver","instanceId":"css7pdriver1","connection":"PLC_1","tagName":"Simulation_DB_1.Sensor_Temperature","datatype":"DT_FLOAT32"},{"sourceType":"cs-driver","instanceId":"css7pdriver1","connection":"PLC_1","tagName":"Simulation_DB_1.Sensor_Velocity","datatype":"DT_FLOAT32"},{"sourceType":"cs-driver","instanceId":"css7pdriver1","connection":"PLC_1","tagName":"Simulation_DB_1.Sensor_Vibration","datatype":"DT_FLOAT32"},{"sourceType":"cs-driver","instanceId":"css7pdriver1","connection":"PLC_1","tagName":"Simulation_DB_1.Set_Machine_Velocity","datatype":"DT_FLOAT32"},{"sourceType":"cs-driver","instanceId":"css7pdriver1","connection":"PLC_1","tagName":"Simulation_DB_1.Overheated","datatype":"DT_BOOL"},{"sourceType":"cs-driver","instanceId":"css7pdriver1","connection":"PLC_1","tagName":"Simulation_DB_1.Timestamp","datatype":"DT_TIMESTAMP"},{"sourceType":"cs-driver","instanceId":"css7pdriver1","connection":"PLC_1","tagName":"$$ChecksumStandardBlocks","datatype":"DT_STRING"}]}}]}