[{"name":"Factory_Linz","assetId":{"namespaceUri":"http://Siemens.net/IIHAsset","identifierType":0,"identifier":"101"},"aspects":[],"variables":[]},{"name":"EnrichmentPlant","assetId":{"namespaceUri":"http://Siemens.net/IIHAsset","identifierType":0,"identifier":"102"},"aspects":[{"name":"PLC","parentId":{"namespaceUri":"http://Siemens.net/IIHAsset","identifierType":0,"identifier":"102"},"aspectId":{"namespaceUri":"http://Siemens.net/IIHAsset","identifierType":0,"identifier":"103"},"variables":[{"referenceId":null,"assetId":{"namespaceUri":"http://Siemens.net/IIHAsset","identifierType":0,"identifier":"102"},"aspectId":{"namespaceUri":"http://Siemens.net/IIHAsset","identifierType":0,"identifier":"103"},"name":"Sensor_Temperature","variableId":{"namespaceUri":"http://Siemens.net/IIHAsset","identifierType":0,"identifier":"104"},"semanticaMapping":{"expression":"var1","ruleName":"","variables":[{"sourceType":"grpc","appInstanceId":"css7pdriver1","tagDataType":"DT_FLOAT32","target":"var1","connectionName":"PLC_1","tagName":"Simulation_DB_1.Sensor_Temperature","valueRank":-1,"arrayDimensions":[],"accessRight":3}]},"type":0,"semanticaValidationResult":-1,"validationResults":null,"validationMessage":null,"archive":true,"cloudSync":"mdsp"},{"referenceId":null,"assetId":{"namespaceUri":"http://Siemens.net/IIHAsset","identifierType":0,"identifier":"102"},"aspectId":{"namespaceUri":"http://Siemens.net/IIHAsset","identifierType":0,"identifier":"103"},"name":"Sensor_Velocity","variableId":{"namespaceUri":"http://Siemens.net/IIHAsset","identifierType":0,"identifier":"105"},"semanticaMapping":{"expression":"var1","ruleName":"","variables":[{"sourceType":"grpc","appInstanceId":"css7pdriver1","tagDataType":"DT_FLOAT32","target":"var1","connectionName":"PLC_1","tagName":"Simulation_DB_1.Sensor_Velocity","valueRank":-1,"arrayDimensions":[],"accessRight":3}]},"type":0,"semanticaValidationResult":-1,"validationResults":null,"validationMessage":null,"archive":true,"cloudSync":"mdsp"},{"referenceId":null,"assetId":{"namespaceUri":"http://Siemens.net/IIHAsset","identifierType":0,"identifier":"102"},"aspectId":{"namespaceUri":"http://Siemens.net/IIHAsset","identifierType":0,"identifier":"103"},"name":"Sensor_Vibration","variableId":{"namespaceUri":"http://Siemens.net/IIHAsset","identifierType":0,"identifier":"106"},"semanticaMapping":{"expression":"var1","ruleName":"","variables":[{"sourceType":"grpc","appInstanceId":"css7pdriver1","tagDataType":"DT_FLOAT32","target":"var1","connectionName":"PLC_1","tagName":"Simulation_DB_1.Sensor_Vibration","valueRank":-1,"arrayDimensions":[],"accessRight":3}]},"type":0,"semanticaValidationResult":-1,"validationResults":null,"validationMessage":null,"archive":true,"cloudSync":"mdsp"},{"referenceId":null,"assetId":{"namespaceUri":"http://Siemens.net/IIHAsset","identifierType":0,"identifier":"102"},"aspectId":{"namespaceUri":"http://Siemens.net/IIHAsset","identifierType":0,"identifier":"103"},"name":"Overheated","variableId":{"namespaceUri":"http://Siemens.net/IIHAsset","identifierType":0,"identifier":"107"},"semanticaMapping":{"expression":"var1","ruleName":"","variables":[{"sourceType":"grpc","appInstanceId":"css7pdriver1","tagDataType":"DT_BOOL","target":"var1","connectionName":"PLC_1","tagName":"Simulation_DB_1.Overheated","valueRank":-1,"arrayDimensions":[],"accessRight":3}]},"type":1,"semanticaValidationResult":-1,"validationResults":null,"validationMessage":null,"archive":true,"cloudSync":"mdsp"}]}],"variables":[]}]